<?xml version="1.0" encoding="UTF-8"?>
    <gtemplates>
                    <gtemplate id="11">
                                                                        <active>1</active>
                                                                                                            <rtl>0</rtl>
                                                                                                            <activeheader>0</activeheader>
                                                                                                            <activefooter>0</activefooter>
                                                                                                            <pagesize>A4</pagesize>
                                                                                                            <mgheader>5</mgheader>
                                                                                                            <mgfooter>5</mgfooter>
                                                                                                            <mgcontent>0-5-0-5</mgcontent>
                                                                                                            <barcodetype>C128</barcodetype>
                                                                                                            <barcodeformat>INVOICE {$invoice_number}</barcodeformat>
                                                                                                            <barcodeproducttype>qrcode</barcodeproducttype>
                                                                                                            <barcodeproductformat>product_id</barcodeproductformat>
                                                                                                            <pageorientation>P</pageorientation>
                                                                                                            <choose_design>temp5</choose_design>
                                                                                                            <layout>1568084579</layout>
                                                                                                            <discountval>include</discountval>
                                                                                                            <customcss></customcss>
                                                                                                            <template_config>{&quot;bodytextcolor&quot;:&quot;#64615e&quot;,&quot;headingtextcolor&quot;:&quot;#ffffff&quot;,&quot;color_title&quot;:&quot;#a34590&quot;,&quot;color_strong&quot;:&quot;#474241&quot;,&quot;headingblockbackground&quot;:&quot;#a34590&quot;,&quot;color_product&quot;:&quot;#64615e&quot;,&quot;color_line_even&quot;:&quot;#fcfcfc&quot;,&quot;color_line_odd&quot;:&quot;#f1f0ef&quot;,&quot;color_border&quot;:&quot;#ffffff&quot;,&quot;color_invoice&quot;:&quot;#a34590&quot;,&quot;color_thank_for&quot;:&quot;#a34590&quot;,&quot;bodytextfont&quot;:&quot;robotolight&quot;,&quot;font_title&quot;:&quot;robotomedium&quot;,&quot;font_invoice&quot;:&quot;robotolight&quot;,&quot;font_thank_for&quot;:&quot;robotolight&quot;,&quot;font_size_text&quot;:&quot;9pt&quot;,&quot;font_size_product&quot;:&quot;9pt&quot;,&quot;size_invoice&quot;:&quot;30pt&quot;,&quot;size_thank_for&quot;:&quot;15pt&quot;}</template_config>
                                                                                                            <hidden_discount>0</hidden_discount>
                                                                                                                                                                        <title  lang="en"><![CDATA[nham test 3]]></title>
                                                                                                                                                                                                                                                                                                                                                                                                                                                                                                                                                                                            <watermark  lang="en"></watermark>
                                                                                                                                                                                                                                                                                                                                                                                                                                                                                                                                                                                            <watermarktext  lang="en"></watermarktext>
                                                                                                                                                                                                                                                                                                                                                                                                                                                                                                                                                                                            <watermarkfont  lang="en"><![CDATA[pdfatimes]]></watermarkfont>
                                                                                                                                                                                                                                                                                                                                                                                                                                                                                                                                                                                            <watermarksize  lang="en"><![CDATA[0]]></watermarksize>
                                                                                                                                                                                                                                                                                                                                                                                                                                                                                                                                                                                            <invoice lang="en"><![CDATA[<table id="wrap" style="width:100%;float:left;" cellpadding="0" cellspacing="0"><tbody><tr><td>
<table style="margin-bottom:20px;width:100%;float:left;"><tbody><tr><td style="width:31%;">{$logo}</td>
<td style="width:23%;">
<table style="width:100%;"><tbody><tr><td style="width:15%;"><img src="{$shop_base_url}modules/gwadvancedinvoice/views/img/imgtemplates/phone.png" alt="" width="25" height="25" /></td>
<td style="width:85%;">
<table style="width:100%;"><tbody><tr><td style="font-size:7pt;">+ 84 1659 005 710</td>
</tr><tr><td style="font-size:7pt;">+ 84 1655 068 980</td>
</tr></tbody></table></td>
</tr></tbody></table></td>
<td style="width:23%;">
<table style="width:100%;"><tbody><tr><td style="width:15%;"><img src="{$shop_base_url}modules/gwadvancedinvoice/views/img/imgtemplates/location.png" alt="" width="25" height="25" /></td>
<td style="width:85%;">
<table style="width:100%;"><tbody><tr><td style="font-size:7pt;">180 Hoang Quoc Viet Street,</td>
</tr><tr><td style="font-size:7pt;">Ha Noi, Viet Nam</td>
</tr></tbody></table></td>
</tr></tbody></table></td>
<td style="width:23%;">
<table style="width:100%;"><tbody><tr><td style="width:15%;"><img src="{$shop_base_url}modules/gwadvancedinvoice/views/img/imgtemplates/email.png" alt="" width="25" height="25" /></td>
<td style="width:85%;">
<table style="width:100%;"><tbody><tr><td style="font-size:7pt;">demo@demo.com</td>
</tr><tr><td style="font-size:7pt;">www.demodemo.com</td>
</tr></tbody></table></td>
</tr></tbody></table></td>
</tr></tbody></table><br /><table style="width:100%;float:left;" cellpadding="5" cellspacing="0"><tbody><tr><td style="width:25%;">
<h4 class="header_title">BILLING ADDRESS</h4>
<p>{$billing_firstname} {$billing_lastname} <br /> {$billing_address1} {$billing_address2} <br /> {$billing_city} - {$billing_postcode} {$billing_state} <br /> {$billing_phone} <br /> {$billing_phone_mobile}</p>
</td>
<td style="width:25%;">
<h4 class="header_title">DELIVERY ADDRESS</h4>
<p>{$delivery_firstname} {$delivery_lastname} <br /> {$delivery_address1} {$delivery_address2} <br /> {$delivery_city} - {$delivery_postcode} {$delivery_state} <br /> {$delivery_phone} <br /> {$delivery_phone_mobile}</p>
</td>
<td style="width:10%;"></td>
<td style="width:40%;">
<table style="width:100%;"><tbody><tr><td colspan="2" class="invoice_title">INVOICE</td>
</tr><tr><td colspan="2">{$barcode_invoice}</td>
</tr><tr><td colspan="2" class="border_bottom"></td>
</tr><tr><td colspan="2"></td>
</tr><tr><td style="width:50%;">Invoice Number:</td>
<td style="width:50%;">{$invoice_number}</td>
</tr><tr><td style="width:50%;">Invoice Date:</td>
<td style="width:50%;">{$invoice_date}</td>
</tr><tr><td style="width:50%;">Order Reference:</td>
<td style="width:50%;">{$reference}</td>
</tr><tr><td style="width:50%;">Order Date:</td>
<td style="width:50%;">{$date_add}</td>
</tr></tbody></table></td>
</tr></tbody></table><br /> {$products_list}
<table style="width:100%;" cellpadding="0" cellspacing="0"><tbody><tr><td style="width:60%;"><br /><table style="width:60%;" cellpadding="5" cellspacing="0"><tbody><tr><td class="box_color">Payment Method:</td>
<td class="box_color" style="text-align:center;">{$payment}</td>
</tr></tbody></table><br /><table style="width:60%;" class="footer_background" cellpadding="5" cellspacing="0"><tbody><tr class="thanksfor_bottom"><td colspan="2" class="thanksfor">Thank for your bussiness !</td>
</tr><tr><td colspan="2" class="color_footer">Emporibus autem quibusdam et aut officiis debitis rerum necessitatibus saepe eveniet ut et voluptates repudiandae sint et molestiae non recusandae.</td>
</tr><tr><td style="width:10%;"><img src="{$shop_base_url}modules/gwadvancedinvoice/views/img/imgtemplates/facebook.png" alt="" width="25" height="25" /></td>
<td style="width:90%;">
<table cellpadding="3" cellspacing="0"><tbody><tr><td style="font-size:7pt;vertical-align:middle;">https://instagram.com</td>
</tr></tbody></table></td>
</tr><tr><td style="width:10%;"><img src="{$shop_base_url}modules/gwadvancedinvoice/views/img/imgtemplates/twitter.png" alt="" width="25" height="25" /></td>
<td style="width:90%;">
<table cellpadding="3" cellspacing="0"><tbody><tr><td style="font-size:7pt;vertical-align:middle;">https://instagram.com</td>
</tr></tbody></table></td>
</tr><tr><td style="width:10%;"><img src="{$shop_base_url}modules/gwadvancedinvoice/views/img/imgtemplates/instagram.png" alt="" width="25" height="25" /></td>
<td style="width:90%;">
<table cellpadding="3" cellspacing="0"><tbody><tr><td style="font-size:7pt;vertical-align:middle;">https://instagram.com</td>
</tr></tbody></table></td>
</tr></tbody></table></td>
<td style="width:40%;">
<table style="width:100%;" cellpadding="5" cellspacing="0"><tbody><tr class="color_line_even"><td style="text-align:right;width:50%;"><strong class="strong_item">Total Product: </strong></td>
<td style="text-align:center;width:50%;">{displayPrice:$total_products}</td>
</tr><tr class="color_line_odd"><td style="text-align:right;width:50%;"><strong class="strong_item">Total Discounts: </strong></td>
<td style="text-align:center;width:50%;">-{displayPrice:$total_discounts_tax_excl}</td>
</tr><tr class="color_line_even"><td style="text-align:right;width:50%;"><strong class="strong_item">Shipping Cost : </strong></td>
<td style="text-align:center;width:50%;">{displayPrice:$total_shipping_tax_excl}</td>
</tr><tr class="color_line_odd"><td style="text-align:right;width:50%;"><strong class="strong_item">Total Tax : </strong></td>
<td style="text-align:center;width:50%;">{displayPrice:$footer.total_taxes}</td>
</tr><tr class="total_wp"><td style="text-align:right;width:50%;" class="total_text"><strong>Total: </strong></td>
<td style="text-align:center;width:50%;" class="total_val">{displayPrice:$total_paid}</td>
</tr><tr><td colspan="2"><br /><br /><table style="width:100%;text-align:center;margin-left:auto;margin-right:auto;"><tbody><tr><td style="text-align:center;margin-left:auto;margin-right:auto;"><img src="{$shop_base_url}modules/gwadvancedinvoice/views/img/imgtemplates/founder.png" alt="" width="314" height="71" /></td>
</tr><tr><td>
<p>Nguyen Van Nham</p>
<p><strong class="strong_item">CEO &amp; Founder</strong></p>
</td>
</tr></tbody></table></td>
</tr></tbody></table></td>
</tr></tbody></table></td>
</tr></tbody></table>]]></invoice>
                                                                                                                                                                                                                                                                                                                                                                                                                                                                                                                                                                                            <header lang="en"></header>
                                                                                                                                                                                                                                                                                                                                                                                                                                                                                                                                                                                            <footer lang="en"></footer>
                                                                                                                                                                                                                                                                                                                                                                                                                                                                                                                                                                                            <productcolumns lang="en"><![CDATA[{"widthtitle":["7","45","26","9","13"],"title":["Barcode","Product","Unit Price","Qty","Total Price"],"content":["{$order_detail.barcode}","{$order_detail.product_name}{$order_detail.description_short}","{displayPrice:$order_detail.unit_price_tax_excl_including_ecotax}","{$order_detail.product_quantity}","{displayPrice:$order_detail.total_price_tax_excl_including_ecotax}"],"align":["center","left","center","center","center"]}]]></productcolumns>
                                                                                                                                                                                                                                                                                                                                                                                                                                                                            </gtemplate>
                </gtemplates>