<?xml version="1.0" encoding="UTF-8"?>
<!-- Copyright ETS-Soft -->
<slides><slide obj="MLS_Slide" id_slide="1" image="7a92bd6647-sl1.jpg" repeat_x="0" repeat_y="0" sort_order="1" backgroud_color="" custom_class="" enabled="1" animation_in="slideInLeft" animation_out="slideOutLeft" title="Slide 1" link_img="/themes/giftshop/modules/ets_multilayerslider/views/img/upload/7a92bd6647-sl1.jpg" max_layer_in="2000" max_layer_out="500"><layers><layer obj="MLS_Layer" id_slide="1" layer_type="image" font_size="30.00" text_color="#222222" custom_class="" background_color="#F3F3F3" background_opacity="1.00" font_family="" font_weight="normal" text_decoration="none" text_transform="none" padding="5px 10px" box_radius="20" top="0.00" left="681.00" right="0.00" top_right="0.00" animation_in="slideInRight" animation_out="slideOutRight" width="" height="" sort_order="1" move_in="1000" move_out="500" stand_duration="0" start_delay="0" image="7f2534e0d6-sl1-2.png" content_layer="" link="" link_image="/themes/giftshop/modules/ets_multilayerslider/views/img/upload/7f2534e0d6-sl1-2.png"/><layer obj="MLS_Layer" id_slide="1" layer_type="text" font_size="48.00" text_color="#fa869b" custom_class="main-color text_sd_white" background_color="#F3F3F3" background_opacity="1.00" font_family="Yesteryear" font_weight="normal" text_decoration="none" text_transform="none" padding="5px 10px" box_radius="20" top="49.00" left="119.00" right="0.00" top_right="0.00" animation_in="fadeIn" animation_out="fadeOut" width="" height="" sort_order="2" move_in="1000" move_out="500" stand_duration="0" start_delay="0" image="" content_layer="Gift for your Love" link="" link_image="/themes/giftshop/modules/ets_multilayerslider/views/img/upload/"/><layer obj="MLS_Layer" id_slide="1" layer_type="text" font_size="36.00" text_color="#ffffff" custom_class="text_sd_main" background_color="#F3F3F3" background_opacity="1.00" font_family="Yesteryear" font_weight="normal" text_decoration="none" text_transform="none" padding="5px 10px" box_radius="20" top="115.00" left="179.00" right="0.00" top_right="0.00" animation_in="fadeIn" animation_out="fadeOut" width="" height="" sort_order="3" move_in="1000" move_out="500" stand_duration="0" start_delay="0" image="" content_layer="The best Gift website template" link="" link_image="/themes/giftshop/modules/ets_multilayerslider/views/img/upload/"/><layer obj="MLS_Layer" id_slide="1" layer_type="link" font_size="24.00" text_color="#ffffff" custom_class="" background_color="#F3F3F3" background_opacity="1.00" font_family="Yesteryear" font_weight="normal" text_decoration="none" text_transform="none" padding="5px 10px" box_radius="20" top="443.28" left="702.73" right="0.00" top_right="0.00" animation_in="zoomIn" animation_out="zoomOut" width="" height="" sort_order="4" move_in="600" move_out="500" stand_duration="0" start_delay="1100" image="" content_layer="Shop Now" link="#" link_image="/themes/giftshop/modules/ets_multilayerslider/views/img/upload/"/><layer obj="MLS_Layer" id_slide="1" layer_type="text" font_size="18.00" text_color="#ffffff" custom_class="" background_color="#F3F3F3" background_opacity="1.00" font_family="Yesteryear" font_weight="normal" text_decoration="none" text_transform="none" padding="5px 10px" box_radius="20" top="474.66" left="717.58" right="0.00" top_right="0.00" animation_in="zoomIn" animation_out="zoomOut" width="" height="" sort_order="5" move_in="600" move_out="500" stand_duration="0" start_delay="1400" image="" content_layer="10% Off" link="#" link_image="/themes/giftshop/modules/ets_multilayerslider/views/img/upload/"/></layers></slide><slide obj="MLS_Slide" id_slide="2" image="sl2.jpg" repeat_x="0" repeat_y="0" sort_order="2" backgroud_color="" custom_class="" enabled="1" animation_in="slideInDown" animation_out="slideOutUp" title="Slide 2" link_img="/themes/giftshop/modules/ets_multilayerslider/views/img/upload/sl2.jpg" max_layer_in="2000" max_layer_out="500"><layers><layer obj="MLS_Layer" id_slide="2" layer_type="image" font_size="30.00" text_color="#222222" custom_class="" background_color="#F3F3F3" background_opacity="1.00" font_family="" font_weight="normal" text_decoration="none" text_transform="none" padding="5px 10px" box_radius="20" top="0.00" left="679.00" right="0.00" top_right="0.00" animation_in="fadeIn" animation_out="fadeOut" width="" height="" sort_order="1" move_in="1000" move_out="500" stand_duration="0" start_delay="0" image="a4d37a0add-sl2-2.png" content_layer="" link="" link_image="/themes/giftshop/modules/ets_multilayerslider/views/img/upload/a4d37a0add-sl2-2.png"/><layer obj="MLS_Layer" id_slide="2" layer_type="text" font_size="48.00" text_color="#fa869b" custom_class="main-color text_sd_white" background_color="#F3F3F3" background_opacity="1.00" font_family="Yesteryear" font_weight="normal" text_decoration="none" text_transform="none" padding="5px 10px" box_radius="20" top="382.13" left="66.51" right="0.00" top_right="0.00" animation_in="fadeIn" animation_out="fadeOut" width="" height="" sort_order="2" move_in="1000" move_out="500" stand_duration="0" start_delay="0" image="" content_layer="Wedding flower" link="" link_image="/themes/giftshop/modules/ets_multilayerslider/views/img/upload/"/><layer obj="MLS_Layer" id_slide="2" layer_type="text" font_size="36.00" text_color="#ffffff" custom_class="text_sd_main" background_color="#F3F3F3" background_opacity="1.00" font_family="Yesteryear" font_weight="normal" text_decoration="none" text_transform="none" padding="5px 10px" box_radius="20" top="441.65" left="28.52" right="0.00" top_right="0.00" animation_in="fadeIn" animation_out="fadeOut" width="" height="" sort_order="3" move_in="1000" move_out="500" stand_duration="0" start_delay="0" image="" content_layer="The best Gift website template" link="" link_image="/themes/giftshop/modules/ets_multilayerslider/views/img/upload/"/><layer obj="MLS_Layer" id_slide="2" layer_type="link" font_size="24.00" text_color="#ffffff" custom_class="" background_color="#F3F3F3" background_opacity="1.00" font_family="Yesteryear" font_weight="normal" text_decoration="none" text_transform="none" padding="5px 10px" box_radius="20" top="441.65" left="697.79" right="0.00" top_right="0.00" animation_in="zoomIn" animation_out="zoomOut" width="" height="" sort_order="4" move_in="600" move_out="500" stand_duration="0" start_delay="1100" image="" content_layer="Shop Now" link="#" link_image="/themes/giftshop/modules/ets_multilayerslider/views/img/upload/"/><layer obj="MLS_Layer" id_slide="2" layer_type="text" font_size="18.00" text_color="#ffffff" custom_class="" background_color="#F3F3F3" background_opacity="1.00" font_family="Yesteryear" font_weight="normal" text_decoration="none" text_transform="none" padding="5px 10px" box_radius="20" top="473.05" left="714.32" right="0.00" top_right="0.00" animation_in="zoomIn" animation_out="zoomOut" width="" height="" sort_order="5" move_in="600" move_out="500" stand_duration="0" start_delay="1400" image="" content_layer="15% Off" link="" link_image="/themes/giftshop/modules/ets_multilayerslider/views/img/upload/"/></layers></slide><slide obj="MLS_Slide" id_slide="3" image="3a69eabc1d-sl33.jpg" repeat_x="0" repeat_y="0" sort_order="3" backgroud_color="#f6f6f6" custom_class="" enabled="1" animation_in="zoomInFlipHoriz" animation_out="zoomOutFlipVert" title="Slide 3" link_img="/themes/giftshop/modules/ets_multilayerslider/views/img/upload/3a69eabc1d-sl33.jpg" max_layer_in="1000" max_layer_out="500"><layers><layer obj="MLS_Layer" id_slide="3" layer_type="text" font_size="48.00" text_color="#fa869b" custom_class="main-color text_sd_white" background_color="#F3F3F3" background_opacity="1.00" font_family="Yesteryear" font_weight="normal" text_decoration="none" text_transform="none" padding="5px 10px" box_radius="20" top="71.48" left="92.97" right="0.00" top_right="0.00" animation_in="fadeIn" animation_out="fadeOut" width="" height="" sort_order="1" move_in="1000" move_out="500" stand_duration="0" start_delay="0" image="" content_layer="Valentine Gifts" link="" link_image="/themes/giftshop/modules/ets_multilayerslider/views/img/upload/"/><layer obj="MLS_Layer" id_slide="3" layer_type="text" font_size="36.00" text_color="#ffffff" custom_class="text_sd_main" background_color="#F3F3F3" background_opacity="1.00" font_family="Yesteryear" font_weight="normal" text_decoration="none" text_transform="none" padding="5px 10px" box_radius="20" top="132.63" left="35.13" right="0.00" top_right="0.00" animation_in="fadeIn" animation_out="fadeOut" width="" height="" sort_order="2" move_in="1000" move_out="500" stand_duration="0" start_delay="0" image="" content_layer="The best Gift website template" link="" link_image="/themes/giftshop/modules/ets_multilayerslider/views/img/upload/"/><layer obj="MLS_Layer" id_slide="3" layer_type="link" font_size="24.00" text_color="#ffffff" custom_class="" background_color="#F3F3F3" background_opacity="1.00" font_family="Yesteryear" font_weight="normal" text_decoration="none" text_transform="none" padding="5px 10px" box_radius="20" top="444.96" left="699.44" right="0.00" top_right="0.00" animation_in="fadeIn" animation_out="fadeOut" width="" height="" sort_order="3" move_in="600" move_out="500" stand_duration="0" start_delay="0" image="" content_layer="Shop Now" link="#" link_image="/themes/giftshop/modules/ets_multilayerslider/views/img/upload/"/><layer obj="MLS_Layer" id_slide="3" layer_type="text" font_size="18.00" text_color="#ffffff" custom_class="" background_color="#F3F3F3" background_opacity="1.00" font_family="Yesteryear" font_weight="normal" text_decoration="none" text_transform="none" padding="5px 10px" box_radius="20" top="474.70" left="707.71" right="0.00" top_right="0.00" animation_in="fadeIn" animation_out="fadeOut" width="" height="" sort_order="4" move_in="600" move_out="500" stand_duration="0" start_delay="300" image="" content_layer="20% Off" link="" link_image="/themes/giftshop/modules/ets_multilayerslider/views/img/upload/"/></layers></slide></slides>
