<?xml version="1.0" encoding="UTF-8" ?>
<module>
    <name>rkrregistroampliado</name>
    <displayName><![CDATA[RKR - Registro ampliado.]]></displayName>
    <version><![CDATA[2.0]]></version>
    <description><![CDATA[A&ntilde;ade campos de direcci&oacute;n en el formulario de registro.]]></description>
    <author><![CDATA[Rekire - Tecnolog&iacute;a web]]></author>
    <tab><![CDATA[front_office_features]]></tab>
	<confirmUninstall><![CDATA[Are you sure you want to uninstall?]]></confirmUninstall>
    <is_configurable>1</is_configurable>
    <need_instance>0</need_instance>
	<limited_countries></limited_countries>
</module>