<?xml version="1.0" encoding="UTF-8" ?>
<module>
    <name>oneclickcheckout</name>
    <displayName><![CDATA[One Click Checkout]]></displayName>
    <version><![CDATA[1.0.2]]></version>
    <description><![CDATA[This is the module for facilitate user to purchase particular product.]]></description>
    <author><![CDATA[Knowband]]></author>
    <tab><![CDATA[front_office_features]]></tab>
	<confirmUninstall><![CDATA[Are you sure you want to uninstall?]]></confirmUninstall>
    <is_configurable>1</is_configurable>
    <need_instance>0</need_instance>
	<limited_countries></limited_countries>
</module>