<?xml version="1.0" encoding="UTF-8"?>
<!-- Copyright ETS-Soft -->
<menus><menu id_menu="1" sort_order="1" enabled="1" id_cms="0" id_manufacturer="0" id_category="0" link_type="HOME" sub_menu_type="LEFT" sub_menu_max_width="70" custom_class="home_layout_menu" bubble_text_color="#ffffff" bubble_background_color="#FC4444" title="Home" link="" bubble_text="" menu_link="https://preview.etssoft.net/themes/giftshop/en/"><columns/></menu><menu id_menu="2" sort_order="2" enabled="1" id_cms="0" id_manufacturer="0" id_category="4" link_type="CATEGORY" sub_menu_type="FULL" sub_menu_max_width="100" custom_class="" bubble_text_color="#ffffff" bubble_background_color="#FC4444" title="Flowers" link="" bubble_text="" menu_link="https://preview.etssoft.net/themes/giftshop/en/4-flowers"><columns><column id_menu="2" is_breaker="0" column_size="4" sort_order="1"><blocks><block id_column="4" block_type="IMAGE" image="menu.jpg" sort_order="1" enabled="1" id_categories="" id_manufacturers="" id_products="" id_cmss="" display_title="0" title="Lorem ipsum" title_link="" content="&lt;ul&gt;&#13;&#10;                    &lt;li&gt;&#13;&#10;                &lt;a href=&quot;#&quot;&gt;Blouses&lt;/a&gt;&#13;&#10;                            &lt;/li&gt;&#13;&#10;                    &lt;li&gt;&#13;&#10;                &lt;a href=&quot;#&quot;&gt;Casual Dresses&lt;/a&gt;&#13;&#10;                            &lt;/li&gt;&#13;&#10;                    &lt;li&gt;&#13;&#10;                &lt;a href=&quot;#&quot;&gt;Dresses&lt;/a&gt;&#13;&#10;                            &lt;/li&gt;&#13;&#10;                    &lt;li&gt;&#13;&#10;                &lt;a href=&quot;#&quot;&gt;T-shirts&lt;/a&gt;&#13;&#10;                            &lt;/li&gt;&#13;&#10;                    &lt;li&gt;&#13;&#10;                &lt;a href=&quot;#&quot;&gt;Tops&lt;/a&gt;&#13;&#10;                            &lt;/li&gt;&#13;&#10;            &lt;/ul&gt;" image_link=""/></blocks></column><column id_menu="2" is_breaker="0" column_size="2" sort_order="2"><blocks><block id_column="1" block_type="CATEGORY" image="" sort_order="1" enabled="1" id_categories="3,8,4,11" id_manufacturers="" id_products="" id_cmss="" display_title="1" title="Lorem ipsum" title_link="" content="&lt;ul&gt;&#13;&#10;                    &lt;li&gt;&#13;&#10;                &lt;a href=&quot;#&quot;&gt;Blouses&lt;/a&gt;&#13;&#10;                            &lt;/li&gt;&#13;&#10;                    &lt;li&gt;&#13;&#10;                &lt;a href=&quot;#&quot;&gt;Casual Dresses&lt;/a&gt;&#13;&#10;                            &lt;/li&gt;&#13;&#10;                    &lt;li&gt;&#13;&#10;                &lt;a href=&quot;#&quot;&gt;Dresses&lt;/a&gt;&#13;&#10;                            &lt;/li&gt;&#13;&#10;                    &lt;li&gt;&#13;&#10;                &lt;a href=&quot;#&quot;&gt;T-shirts&lt;/a&gt;&#13;&#10;                            &lt;/li&gt;&#13;&#10;                    &lt;li&gt;&#13;&#10;                &lt;a href=&quot;#&quot;&gt;Tops&lt;/a&gt;&#13;&#10;                            &lt;/li&gt;&#13;&#10;            &lt;/ul&gt;" image_link=""/><block id_column="1" block_type="CATEGORY" image="" sort_order="2" enabled="1" id_categories="3,4,11" id_manufacturers="" id_products="" id_cmss="" display_title="1" title="Ipsum dolor" title_link="" content="" image_link=""/></blocks></column><column id_menu="2" is_breaker="0" column_size="2" sort_order="3"><blocks><block id_column="2" block_type="CATEGORY" image="" sort_order="1" enabled="1" id_categories="3,8,4,11" id_manufacturers="" id_products="" id_cmss="" display_title="1" title="Lorem ipsum" title_link="" content="&lt;ul&gt;&#13;&#10;                    &lt;li&gt;&#13;&#10;                &lt;a href=&quot;#&quot;&gt;Blouses&lt;/a&gt;&#13;&#10;                            &lt;/li&gt;&#13;&#10;                    &lt;li&gt;&#13;&#10;                &lt;a href=&quot;#&quot;&gt;Casual Dresses&lt;/a&gt;&#13;&#10;                            &lt;/li&gt;&#13;&#10;                    &lt;li&gt;&#13;&#10;                &lt;a href=&quot;#&quot;&gt;Dresses&lt;/a&gt;&#13;&#10;                            &lt;/li&gt;&#13;&#10;                    &lt;li&gt;&#13;&#10;                &lt;a href=&quot;#&quot;&gt;T-shirts&lt;/a&gt;&#13;&#10;                            &lt;/li&gt;&#13;&#10;                    &lt;li&gt;&#13;&#10;                &lt;a href=&quot;#&quot;&gt;Tops&lt;/a&gt;&#13;&#10;                            &lt;/li&gt;&#13;&#10;            &lt;/ul&gt;" image_link=""/><block id_column="2" block_type="CATEGORY" image="" sort_order="2" enabled="1" id_categories="8,4,6" id_manufacturers="" id_products="" id_cmss="" display_title="1" title="Ipsum dolor" title_link="" content="" image_link=""/></blocks></column><column id_menu="2" is_breaker="0" column_size="2" sort_order="4"><blocks><block id_column="3" block_type="HTML" image="" sort_order="1" enabled="1" id_categories="" id_manufacturers="" id_products="" id_cmss="" display_title="1" title="Lorem ipsum" title_link="" content="&lt;ul&gt;&#13;&#10;                    &lt;li&gt;&#13;&#10;                &lt;a href=&quot;#&quot;&gt;Sit amet&lt;/a&gt;&#13;&#10;                            &lt;/li&gt;&#13;&#10;                    &lt;li&gt;&#13;&#10;                &lt;a href=&quot;#&quot;&gt;Sonsectetur &lt;/a&gt;&#13;&#10;                            &lt;/li&gt;&#13;&#10;                    &lt;li&gt;&#13;&#10;                &lt;a href=&quot;#&quot;&gt;Adipiscing &lt;/a&gt;&#13;&#10;                            &lt;/li&gt;&#13;&#10;&lt;li&gt;&#13;&#10;                &lt;a href=&quot;#&quot;&gt;Praesent l&lt;/a&gt;&#13;&#10;                            &lt;/li&gt;&#13;&#10;            &lt;/ul&gt;" image_link=""/><block id_column="3" block_type="CATEGORY" image="" sort_order="2" enabled="1" id_categories="8,4,6" id_manufacturers="" id_products="" id_cmss="" display_title="1" title="Ipsum dolor" title_link="" content="" image_link=""/></blocks></column><column id_menu="2" is_breaker="0" column_size="2" sort_order="5"><blocks><block id_column="9" block_type="HTML" image="" sort_order="1" enabled="1" id_categories="" id_manufacturers="" id_products="" id_cmss="" display_title="1" title="Lorem ipsum" title_link="" content="&lt;ul&gt;&#13;&#10;                    &lt;li&gt;&#13;&#10;                &lt;a href=&quot;#&quot;&gt;Sit amet&lt;/a&gt;&#13;&#10;                            &lt;/li&gt;&#13;&#10;                    &lt;li&gt;&#13;&#10;                &lt;a href=&quot;#&quot;&gt;Sonsectetur &lt;/a&gt;&#13;&#10;                            &lt;/li&gt;&#13;&#10;                    &lt;li&gt;&#13;&#10;                &lt;a href=&quot;#&quot;&gt;Adipiscing &lt;/a&gt;&#13;&#10;                            &lt;/li&gt;&#13;&#10;&lt;li&gt;&#13;&#10;                &lt;a href=&quot;#&quot;&gt;Praesent l&lt;/a&gt;&#13;&#10;                            &lt;/li&gt;&#13;&#10;            &lt;/ul&gt;" image_link=""/><block id_column="9" block_type="CATEGORY" image="" sort_order="2" enabled="1" id_categories="3,4,11" id_manufacturers="" id_products="" id_cmss="" display_title="1" title="Ipsum dolor" title_link="" content="" image_link=""/></blocks></column></columns></menu><menu id_menu="3" sort_order="3" enabled="1" id_cms="0" id_manufacturer="0" id_category="8" link_type="CATEGORY" sub_menu_type="LEFT" sub_menu_max_width="60" custom_class="" bubble_text_color="#ffffff" bubble_background_color="#FC4444" title="Children's" link="#" bubble_text="" menu_link="https://preview.etssoft.net/themes/giftshop/en/8-children-s"><columns><column id_menu="3" is_breaker="0" column_size="4" sort_order="1"><blocks><block id_column="8" block_type="CATEGORY" image="" sort_order="1" enabled="1" id_categories="3,8,4,11" id_manufacturers="" id_products="" id_cmss="" display_title="1" title="Lorem ipsum" title_link="" content="&lt;ul&gt;&#13;&#10;                    &lt;li&gt;&#13;&#10;                &lt;a href=&quot;#&quot;&gt;Blouses&lt;/a&gt;&#13;&#10;                            &lt;/li&gt;&#13;&#10;                    &lt;li&gt;&#13;&#10;                &lt;a href=&quot;#&quot;&gt;Casual Dresses&lt;/a&gt;&#13;&#10;                            &lt;/li&gt;&#13;&#10;                    &lt;li&gt;&#13;&#10;                &lt;a href=&quot;#&quot;&gt;Dresses&lt;/a&gt;&#13;&#10;                            &lt;/li&gt;&#13;&#10;                    &lt;li&gt;&#13;&#10;                &lt;a href=&quot;#&quot;&gt;T-shirts&lt;/a&gt;&#13;&#10;                            &lt;/li&gt;&#13;&#10;                    &lt;li&gt;&#13;&#10;                &lt;a href=&quot;#&quot;&gt;Tops&lt;/a&gt;&#13;&#10;                            &lt;/li&gt;&#13;&#10;            &lt;/ul&gt;" image_link=""/><block id_column="8" block_type="CATEGORY" image="" sort_order="2" enabled="1" id_categories="3,4,11" id_manufacturers="" id_products="" id_cmss="" display_title="1" title="Ipsum dolor" title_link="" content="" image_link=""/></blocks></column><column id_menu="3" is_breaker="0" column_size="4" sort_order="2"><blocks><block id_column="12" block_type="CATEGORY" image="" sort_order="1" enabled="1" id_categories="3,8,4,11" id_manufacturers="" id_products="" id_cmss="" display_title="1" title="Lorem ipsum" title_link="" content="&lt;ul&gt;&#13;&#10;                    &lt;li&gt;&#13;&#10;                &lt;a href=&quot;#&quot;&gt;Blouses&lt;/a&gt;&#13;&#10;                            &lt;/li&gt;&#13;&#10;                    &lt;li&gt;&#13;&#10;                &lt;a href=&quot;#&quot;&gt;Casual Dresses&lt;/a&gt;&#13;&#10;                            &lt;/li&gt;&#13;&#10;                    &lt;li&gt;&#13;&#10;                &lt;a href=&quot;#&quot;&gt;Dresses&lt;/a&gt;&#13;&#10;                            &lt;/li&gt;&#13;&#10;                    &lt;li&gt;&#13;&#10;                &lt;a href=&quot;#&quot;&gt;T-shirts&lt;/a&gt;&#13;&#10;                            &lt;/li&gt;&#13;&#10;                    &lt;li&gt;&#13;&#10;                &lt;a href=&quot;#&quot;&gt;Tops&lt;/a&gt;&#13;&#10;                            &lt;/li&gt;&#13;&#10;            &lt;/ul&gt;" image_link=""/><block id_column="12" block_type="CATEGORY" image="" sort_order="2" enabled="1" id_categories="3,4,11" id_manufacturers="" id_products="" id_cmss="" display_title="1" title="Ipsum dolor" title_link="" content="" image_link=""/></blocks></column><column id_menu="3" is_breaker="0" column_size="4" sort_order="3"><blocks><block id_column="13" block_type="CATEGORY" image="" sort_order="1" enabled="1" id_categories="3,8,4,11" id_manufacturers="" id_products="" id_cmss="" display_title="1" title="Lorem ipsum" title_link="" content="&lt;ul&gt;&#13;&#10;                    &lt;li&gt;&#13;&#10;                &lt;a href=&quot;#&quot;&gt;Blouses&lt;/a&gt;&#13;&#10;                            &lt;/li&gt;&#13;&#10;                    &lt;li&gt;&#13;&#10;                &lt;a href=&quot;#&quot;&gt;Casual Dresses&lt;/a&gt;&#13;&#10;                            &lt;/li&gt;&#13;&#10;                    &lt;li&gt;&#13;&#10;                &lt;a href=&quot;#&quot;&gt;Dresses&lt;/a&gt;&#13;&#10;                            &lt;/li&gt;&#13;&#10;                    &lt;li&gt;&#13;&#10;                &lt;a href=&quot;#&quot;&gt;T-shirts&lt;/a&gt;&#13;&#10;                            &lt;/li&gt;&#13;&#10;                    &lt;li&gt;&#13;&#10;                &lt;a href=&quot;#&quot;&gt;Tops&lt;/a&gt;&#13;&#10;                            &lt;/li&gt;&#13;&#10;            &lt;/ul&gt;" image_link=""/><block id_column="13" block_type="CATEGORY" image="" sort_order="2" enabled="1" id_categories="3,4,11" id_manufacturers="" id_products="" id_cmss="" display_title="1" title="Ipsum dolor" title_link="" content="" image_link=""/></blocks></column></columns></menu><menu id_menu="4" sort_order="4" enabled="1" id_cms="4" id_manufacturer="0" id_category="11" link_type="CATEGORY" sub_menu_type="FULL" sub_menu_max_width="100" custom_class="" bubble_text_color="#ffffff" bubble_background_color="#FC4444" title="Birthday Gifts" link="http://theme.yourbestcode.com/amazonas/en/content/4-about-us" bubble_text="" menu_link="https://preview.etssoft.net/themes/giftshop/en/11-birthday-gifts"><columns/></menu><menu id_menu="7" sort_order="5" enabled="1" id_cms="0" id_manufacturer="0" id_category="3" link_type="CATEGORY" sub_menu_type="FULL" sub_menu_max_width="100" custom_class="" bubble_text_color="#ffffff" bubble_background_color="#FC4444" title="Wedding Gifts" link="" bubble_text="" menu_link="https://preview.etssoft.net/themes/giftshop/en/3-wedding-gifts"><columns/></menu><menu id_menu="5" sort_order="6" enabled="1" id_cms="0" id_manufacturer="0" id_category="0" link_type="CUSTOM" sub_menu_type="FULL" sub_menu_max_width="100" custom_class="" bubble_text_color="#ffffff" bubble_background_color="#FC4444" title="Blog" link="#" bubble_text="" menu_link="#"><columns/></menu><menu id_menu="6" sort_order="7" enabled="1" id_cms="0" id_manufacturer="0" id_category="0" link_type="CONTACT" sub_menu_type="LEFT" sub_menu_max_width="20" custom_class="contact_menu" bubble_text_color="#ffffff" bubble_background_color="#FC4444" title="Contact" link="" bubble_text="" menu_link="https://preview.etssoft.net/themes/giftshop/en/contact-us"><columns/></menu></menus>
